{"accuracy_KNN": 0.9777777777777777, "accuracy_logistic-regression-petals": 0.9777777777777777, "accuracy_logistic-regression-sepals": 0.8222222222222222}